date,PLN,EUR,USD,GBP,SEK,NOK,CHF,JPY
2024-04-25,4.021656,0.932249,1,0.799522,10.88464,10.96559,0.912732,155.62125
2024-04-24,4.051967,0.934577,1,0.802618,10.883383,10.993765,0.914486,155.272
2024-04-23,4.026685,0.934374,1,0.802936,10.813746,10.908812,0.911781,154.74975
2024-04-22,4.052827,0.938532,1,0.80973,10.886745,10.984455,0.911865,154.81932143
2024-04-21,4.04295,0.938301,1,0.808055,10.927382,11.018578,0.91125,154.6395
2024-04-20,4.044984,0.937866,1,0.808473,10.91365,11.0179,0.910502,154.625
2024-04-19,4.04465,0.937866,1,0.808473,10.91365,11.0179,0.9105,154.625
2024-04-18,4.076937,0.939624,1,0.80415,10.97723,11.05901,0.912507,154.613
2024-04-17,4.066757,0.937283,1,0.803014,10.944272,11.008805,0.910697,154.343375
2024-04-16,4.111801,0.941523,1,0.804466,10.94621,10.975823,0.912622,154.7025
2024-04-15,4.051959,0.941195,1,0.803457,10.878983,10.93447,0.911958,154.21789474
2024-04-14,4.023906,0.939308,1,0.802592,10.869071,10.871392,0.91379,153.3085
2024-04-13,4.029984,0.93825,1,0.802762,10.8758,10.9003,0.914185,153.275
2024-04-12,4.029986,0.93825,1,0.802762,10.8758,10.9003,0.914185,153.275
2024-04-11,3.974148,0.932305,1,0.796622,10.7255,10.823691,0.909857,153.19925
2024-04-10,3.971842,0.931,1,0.79767,10.725845,10.84128,0.913212,152.9555
2024-04-09,3.92956,0.920904,1,0.78882,10.551833,10.672629,0.903103,151.7794
2024-04-08,3.921839,0.920628,1,0.790045,10.557992,10.678416,0.905073,151.83867857
2024-04-07,3.954155,0.923363,1,0.792096,10.653279,10.754498,0.903241,151.685
2024-04-06,3.949387,0.9222,1,0.791264,10.676985,10.7294,0.901883,151.605
2024-04-05,3.949987,0.9222,1,0.791202,10.676985,10.7294,0.901883,151.605
2024-04-04,3.95947,0.922801,1,0.791174,10.64803,10.73088,0.90157,151.2975
2024-04-03,3.96147,0.922668,1,0.790423,10.642247,10.716485,0.90299,151.585
2024-04-02,3.985605,0.928662,1,0.795159,10.744882,10.838228,0.907837,151.55171053
2024-04-01,4.000131,0.9314,1,0.797064,10.804325,10.965872,0.905091,151.596
2024-03-31,3.980144,0.926486,1,0.791311,10.6798,10.845679,0.902038,151.41125
2024-03-30,3.977874,0.925917,1,0.792016,10.6575,10.8172,0.902107,151.34500321
2024-03-29,3.977942,0.925917,1,0.79205,10.6575,10.8172,0.9021,151.34500321
2024-03-28,3.991661,0.926694,1,0.792318,10.7013,10.851432,0.901245,151.44642724
2024-03-27,3.990695,0.924847,1,0.79255,10.643225,10.803052,0.905638,151.29883333
2024-03-26,3.979152,0.923148,1,0.791893,10.588455,10.758268,0.9037,151.527
2024-03-25,3.974358,0.92276,1,0.791367,10.581782,10.71835,0.89959,151.385
2024-03-24,3.998496,0.925302,1,0.793805,10.567158,10.756035,0.897687,151.323
2024-03-23,3.997883,0.92095,1,0.793588,10.5679,10.7562,0.897945,151.416043
2024-03-22,3.997883,0.92095,1,0.793588,10.5679,10.7562,0.897786,151.416043
2024-03-21,3.964833,0.920632,1,0.789858,10.468145,10.667445,0.897731,151.637
2024-03-20,3.94216,0.914281,1,0.781375,10.369445,10.553798,0.885665,150.74049541
2024-03-19,3.973043,0.920666,1,0.786281,10.43572,10.643925,0.888586,151.025
2024-03-18,3.976121,0.919676,1,0.785739,10.428917,10.648673,0.887591,149.159
2024-03-17,3.952052,0.918814,1,0.785485,10.366538,10.62535,0.883616,148.96125
2024-03-16,3.951841,0.91825,1,0.785484,10.3577,10.6107,0.884534,149.04606807
2024-03-15,3.951841,0.91825,1,0.785361,10.3577,10.6107,0.8846,149.04606807
2024-03-14,3.944937,0.918877,1,0.784597,10.35002,10.571216,0.884317,148.305
2024-03-13,3.910687,0.913003,1,0.781177,10.222565,10.476675,0.878393,147.60266667
2024-03-12,3.924857,0.9152,1,0.781552,10.235911,10.514425,0.877446,147.6245
2024-03-11,3.91735,0.914859,1,0.780135,10.238737,10.444315,0.877359,146.73773333
2024-03-10,3.933149,0.913844,1,0.777865,10.211944,10.4231,0.877583,146.8
2024-03-09,3.931425,0.913784,1,0.777726,10.331325,10.426287,0.877742,147.06498746
2024-03-08,3.931125,0.913784,1,0.777726,10.331325,10.426287,0.8778,147.06498746
2024-03-07,3.928745,0.91315,1,0.780436,10.224265,10.400417,0.877349,147.866
2024-03-06,3.945731,0.917474,1,0.785183,10.288782,10.487755,0.882084,149.269
2024-03-05,3.972525,0.921159,1,0.787133,10.383202,10.575494,0.883641,150.053
2024-03-04,3.982562,0.921306,1,0.788101,10.369253,10.571849,0.88524,150.45744607
2024-03-03,3.982573,0.922366,1,0.789861,10.31994,10.519166,0.883449,150.13649175
2024-03-02,3.983509,0.92205,1,0.790077,10.359745,10.519702,0.884254,150.09493521
2024-03-01,3.983138,0.92205,1,0.790077,10.359745,10.519702,0.884412,150.09493521
2024-02-29,3.993867,0.925414,1,0.79197,10.37347,10.622863,0.884468,150.07
2024-02-28,3.98461,0.922645,1,0.789811,10.33592,10.596026,0.878783,150.66153629
2024-02-27,3.972441,0.922467,1,0.788627,10.308263,10.53286,0.879129,150.5165
2024-02-26,3.97302,0.92164,1,0.788398,10.280544,10.509764,0.880091,150.57625
2024-02-25,3.981399,0.924284,1,0.789235,10.32632,10.539235,0.881313,150.502
2024-02-24,3.979237,0.92315,1,0.788706,10.3298,10.537366,0.88059,150.48501336
2024-02-23,3.979231,0.92315,1,0.788644,10.3298,10.537366,0.8807,150.48501336
2024-02-22,3.994088,0.923736,1,0.789743,10.319842,10.5016,0.880109,150.47676077
2024-02-21,3.990134,0.924185,1,0.791253,10.36057,10.47975,0.879159,150.34566667
2024-02-20,3.992471,0.925078,1,0.792083,10.3616,10.489725,0.881963,149.97022222
2024-02-19,4.016203,0.928023,1,0.794434,10.394837,10.492965,0.882934,150.27266667
2024-02-18,4.024202,0.927293,1,0.792979,10.426945,10.505311,0.880732,150.1455
2024-02-17,4.027016,0.92791,1,0.793525,10.45981,10.448405,0.880733,150.22503727
2024-02-16,4.026766,0.92791,1,0.793525,10.45981,10.448405,0.880654,150.22503727
2024-02-15,4.032248,0.928255,1,0.793737,10.45176,10.528645,0.879987,149.9605
2024-02-14,4.044068,0.931785,1,0.795608,10.5165,10.5797,0.885265,150.5625
2024-02-13,4.051795,0.933838,1,0.794259,10.5847,10.675338,0.88749,150.7255
2024-02-12,4.001755,0.928345,1,0.791962,10.4036,10.502852,0.875876,149.40818186
2024-02-11,4.006697,0.926092,1,0.791345,10.446725,10.54219,0.87424,149.18304899
2024-02-10,4.01097,0.92725,1,0.791828,10.52799,10.5572,0.87497,149.30498545
2024-02-09,4.01095,0.92725,1,0.791828,10.52799,10.5572,0.875,149.30498545
2024-02-08,4.014081,0.927846,1,0.792338,10.475215,10.61853,0.873491,149.26483333
2024-02-07,4.031572,0.928035,1,0.791976,10.478615,10.583064,0.874163,148.092
2024-02-06,4.042424,0.929618,1,0.79345,10.50669,10.590465,0.869585,147.8225
2024-02-05,4.040725,0.930995,1,0.79785,10.6057,10.694165,0.870772,148.66694444
2024-02-04,4.0034,0.927665,1,0.792291,10.513885,10.624904,0.867052,148.51
2024-02-03,3.999445,0.92605,1,0.791578,10.57593,10.61574,0.867015,148.375
2024-02-02,3.999445,0.92605,1,0.791578,10.57593,10.61574,0.867173,148.375
2024-02-01,3.969542,0.919593,1,0.784543,10.3846,10.4357,0.857638,146.465
2024-01-31,4.007522,0.925544,1,0.78868,10.404549,10.517918,0.862378,147.012
2024-01-30,4.011643,0.922253,1,0.787771,10.408605,10.44282,0.861868,147.33900679
2024-01-29,4.032214,0.922982,1,0.786535,10.4486,10.4219,0.861459,147.48833333
2024-01-28,4.0295,0.922307,1,0.787614,10.470058,10.4378,0.864362,148.18518729
2024-01-27,4.02345,0.920507,1,0.786844,10.445325,10.4389,0.863561,148.185
2024-01-26,4.02375,0.920507,1,0.786782,10.445325,10.4389,0.863561,148.185
2024-01-25,4.032888,0.92203,1,0.78698,10.443689,10.44134,0.867175,147.725125
2024-01-24,4.026403,0.919008,1,0.786289,10.440677,10.47077,0.863093,147.593
2024-01-23,4.042347,0.921018,1,0.787934,10.483495,10.504125,0.869694,148.25375
2024-01-22,4.010443,0.91925,1,0.787022,10.469742,10.5244,0.8692,148.14766667
2024-01-21,3.998928,0.918098,1,0.787434,10.462883,10.489278,0.868532,148.12725
2024-01-20,3.996611,0.91705,1,0.787154,10.4649,10.492687,0.868309,148.13333333
2024-01-19,3.99661,0.91705,1,0.787154,10.4649,10.492687,0.868309,148.13333333
2024-01-18,4.030748,0.918973,1,0.786621,10.484726,10.527595,0.86804,148.12614286
2024-01-17,4.039954,0.918649,1,0.788835,10.442763,10.5059,0.864413,148.137
2024-01-16,4.036745,0.919239,1,0.791321,10.4377,10.468018,0.861483,147.2485
2024-01-15,3.993791,0.913662,1,0.786436,10.331221,10.360098,0.856027,145.7965
2024-01-14,3.9799,0.913639,1,0.785191,10.282252,10.290141,0.853452,145.1535
2024-01-13,3.979744,0.912076,1,0.78456,10.20345,10.335545,0.85266,144.865
2024-01-12,3.979958,0.912076,1,0.78456,10.20345,10.335545,0.852581,144.865
2024-01-11,3.964552,0.910544,1,0.782515,10.249428,10.291497,0.851103,145.1065
2024-01-10,3.952197,0.911235,1,0.784639,10.2199,10.349445,0.850471,145.746
2024-01-09,3.977666,0.914765,1,0.786658,10.250451,10.365656,0.852433,144.4355
2024-01-08,3.957597,0.913264,1,0.784814,10.23313,10.365199,0.84808,144.2215
2024-01-07,3.973372,0.913944,1,0.78633,10.26348,10.307978,0.850791,144.723
2024-01-06,3.977185,0.91285,1,0.785855,10.2534,10.30157,0.849745,144.63501732
2024-01-05,3.977179,0.91285,1,0.785855,10.2534,10.30157,0.8497,144.63501732
2024-01-04,3.97096,0.913451,1,0.788563,10.2128,10.29527,0.850194,144.77525
2024-01-03,3.983946,0.915265,1,0.789057,10.284288,10.340575,0.849274,143.00238779
2024-01-02,3.99254,0.913949,1,0.792195,10.209,10.352157,0.850116,142.17714286
2024-01-01,4.60735,0.906074,1,0.78569,10.074633,10.18508,0.841915,141.115
2023-12-31,3.930044,0.90599,1,0.785546,10.08835,10.17439,0.840995,141.0285
2023-12-30,3.936818,0.904527,1,0.784929,10.07275,10.216308,0.840895,141.02502648
2023-12-29,3.93682,0.904527,1,0.784991,10.07275,10.216308,0.8411,141.02502648
2023-12-28,3.918026,0.903507,1,0.785269,9.984595,10.193498,0.84353,141.4425
2023-12-27,3.889795,0.900215,1,0.781275,9.9418,10.101371,0.842668,141.443
2023-12-26,3.918728,0.905555,1,0.785784,9.996245,10.147075,0.85378,142.49033333
2023-12-25,3.938397,0.907526,1,0.787092,9.996506,10.188056,0.856077,142.2455
2023-12-24,3.93482,0.907688,1,0.788924,10.002254,10.18987,0.855985,142.45005855
2023-12-23,3.935534,0.906906,1,0.787464,10.0111,10.1961,0.855894,142.41
2023-12-22,3.935706,0.906937,1,0.787464,10.0146,10.2051,0.8559,142.39496965
2023-12-21,3.932053,0.908567,1,0.788395,10.093445,10.274135,0.856343,142.0725
2023-12-20,3.97005,0.9137,1,0.791186,10.169941,10.34633,0.862519,143.5315
2023-12-19,3.93918,0.910871,1,0.785524,10.16121,10.271926,0.860745,143.9225
2023-12-18,3.958767,0.915472,1,0.790307,10.2209,10.3997,0.867164,142.69333333
2023-12-17,3.978132,0.917854,1,0.789172,10.279762,10.48962,0.870707,142.3255
2023-12-16,3.977083,0.916716,1,0.788084,10.2712,10.46,0.86902,142.115
2023-12-15,3.977083,0.916716,1,0.788022,10.2712,10.46,0.86902,142.12499627
2023-12-14,3.920618,0.909641,1,0.783018,10.24548,10.501248,0.867133,142.2645
2023-12-13,3.950509,0.918894,1,0.792311,10.310848,10.779017,0.871031,142.7935
2023-12-12,4.006946,0.926055,1,0.795624,10.431525,10.960915,0.875162,145.299
2023-12-11,4.028027,0.928905,1,0.796604,10.490363,10.958745,0.878343,146.052
2023-12-10,4.022499,0.928915,1,0.796553,10.46547,10.903695,0.879645,144.991
2023-12-09,4.027382,0.9282,1,0.79694,10.4669,10.906,0.880061,144.864
2023-12-08,4.027382,0.9282,1,0.79694,10.4669,10.906,0.8799,144.864
2023-12-07,4.016408,0.926801,1,0.794438,10.387469,10.87543,0.875523,144.2406875
2023-12-06,4.020959,0.928816,1,0.796315,10.47537,10.9744,0.874648,147.1849
2023-12-05,4.005874,0.9264,1,0.794002,10.4855,10.92702,0.8751,147.186
2023-12-04,3.995723,0.92272,1,0.79154,10.430028,10.84337,0.87259,147.30733333
2023-12-03,3.978996,0.918615,1,0.786705,10.375945,10.654001,0.867609,146.3635
2023-12-02,3.973921,0.91855,1,0.787464,10.431785,10.6464,0.870069,146.825
2023-12-01,3.974022,0.918056,1,0.787464,10.431785,10.6464,0.8702,146.81497316
2023-11-30,3.995676,0.917979,1,0.791741,10.491531,10.809111,0.874755,148.002
2023-11-29,3.957083,0.911252,1,0.787692,10.358032,10.655832,0.873467,147.058
2023-11-28,3.92595,0.908743,1,0.786593,10.31529,10.608399,0.877121,147.064
2023-11-27,3.968067,0.912403,1,0.791468,10.422558,10.634221,0.880068,148.417
2023-11-26,3.99094,0.914093,1,0.793674,10.4598,10.710207,0.882225,149.57948214
2023-11-25,3.99455,0.91355,1,0.793588,10.4406,10.71545,0.882787,149.46499023
2023-11-24,3.99445,0.91355,1,0.793525,10.4406,10.71545,0.882708,149.46499023
2023-11-23,4.00697,0.91705,1,0.797916,10.48978,10.775528,0.8846,149.644
2023-11-22,4.010416,0.918451,1,0.800695,10.479615,10.753,0.884108,149.465
2023-11-21,4.00595,0.915998,1,0.797194,10.455697,10.668137,0.883408,148.152
2023-11-20,3.97335,0.913684,1,0.799488,10.4431,10.69842,0.884492,148.384
2023-11-19,4.02225,0.916949,1,0.802992,10.526239,10.822487,0.88599,149.9635
2023-11-18,4.018041,0.91599,1,0.802762,10.59397,10.8053,0.885767,149.535
2023-11-17,4.01789,0.91599,1,0.802762,10.59397,10.8053,0.8857,149.535
2023-11-16,4.030421,0.921387,1,0.805536,10.589095,10.939085,0.88854,150.7035
2023-11-15,4.045494,0.921274,1,0.805015,10.538053,10.8051,0.887276,151.211
2023-11-14,4.045244,0.919297,1,0.800402,10.590935,10.87673,0.889198,150.4852
2023-11-13,4.13715,0.934465,1,0.814379,10.83864,11.079055,0.901271,151.6498
2023-11-12,4.14185,0.935408,1,0.817682,10.893409,11.1076,0.901961,151.464
2023-11-11,4.14409,0.934798,1,0.81813,10.8987,11.047305,0.902888,151.525
2023-11-10,4.144051,0.934798,1,0.818239,10.8987,11.047305,0.902888,151.525
2023-11-09,4.158103,0.937462,1,0.818605,10.927231,11.222198,0.903186,151.35025
2023-11-08,4.14656,0.933589,1,0.813998,10.889755,11.174915,0.899098,150.8545
2023-11-07,4.167299,0.934872,1,0.813597,10.924339,11.189743,0.900031,150.398
2023-11-06,4.159819,0.93285,1,0.810117,10.922395,11.051273,0.89929,149.9885
2023-11-05,4.151502,0.931836,1,0.808264,10.884725,11.030869,0.899234,149.45499637
2023-11-04,4.15155,0.93145,1,0.808081,10.8829,11.033779,0.900498,149.3750151
2023-11-03,4.15155,0.93145,1,0.808081,10.8829,11.033779,0.900498,149.3750151
2023-11-02,4.188606,0.942,1,0.820387,11.114105,11.162348,0.90622,150.49659281
2023-11-01,4.221544,0.944618,1,0.820936,11.16047,11.142506,0.905662,150.57708333
2023-10-31,4.212997,0.945314,1,0.823113,11.17382,11.17577,0.910075,151.323
2023-10-30,4.191842,0.942158,1,0.822122,11.14828,11.1417,0.9022,149.099
2023-10-29,4.226855,0.946788,1,0.82556,11.166148,11.181906,0.902462,149.738
2023-10-28,4.22468,0.94605,1,0.824538,11.22772,11.165,0.901962,149.67203133
2023-10-27,4.22475,0.94605,1,0.824538,11.22772,11.165,0.90235,149.67203133
2023-10-26,4.213215,0.946609,1,0.823966,11.14829,11.188303,0.898869,150.3684
2023-10-25,4.235616,0.9464,1,0.826284,11.147037,11.20761,0.896729,150.09371661
2023-10-24,4.212509,0.943841,1,0.82224,11.1246,11.161744,0.893135,149.8585
2023-10-23,4.179725,0.93715,1,0.816377,10.9782,11.07801,0.891054,149.781
2023-10-22,4.20885,0.944332,1,0.822139,10.9802,11.066453,0.893309,149.88775
2023-10-21,4.210477,0.94355,1,0.822978,10.9763,11.0686,0.893013,149.85505287
2023-10-20,4.210477,0.94355,1,0.823045,10.9763,11.0686,0.893,149.85505287
2023-10-19,4.2046,0.944597,1,0.824038,10.95222,11.002168,0.891863,149.808
2023-10-18,4.226546,0.948965,1,0.823723,11.02797,11.05891,0.898828,149.769
2023-10-17,4.181814,0.94581,1,0.821143,10.91801,10.949475,0.900153,149.76375
2023-10-16,4.217639,0.947494,1,0.818883,10.928073,10.926096,0.900521,149.5835
2023-10-15,4.232548,0.950382,1,0.822737,11.011199,10.920052,0.902462,149.564
2023-10-14,4.31335,0.951249,1,0.82481,10.95198,10.933,0.904157,149.55999466
2023-10-13,4.31335,0.951249,1,0.824742,10.95198,10.933,0.9032,149.55999466
2023-10-12,4.308798,0.949129,1,0.820828,10.985754,10.968293,0.907921,149.79066667
2023-10-11,4.260611,0.941303,1,0.811995,10.904202,10.853768,0.901083,149.039
2023-10-10,4.27905,0.9431,1,0.813694,10.873715,10.8069,0.904635,148.62825
2023-10-09,4.31433,0.945296,1,0.816333,10.94997,10.7743,0.905045,148.335
2023-10-08,4.335201,0.946405,1,0.818369,10.977,10.890755,0.909037,149.154
2023-10-07,4.331701,0.94395,1,0.816993,10.959955,10.916055,0.909886,149.225
2023-10-06,4.331748,0.94395,1,0.817127,10.959955,10.916055,0.91,149.225
2023-10-05,4.363603,0.948182,1,0.820535,11.015,10.964198,0.9127,148.475
2023-10-04,4.386136,0.951678,1,0.823859,11.067955,11.008282,0.916795,148.97981818
2023-10-03,4.422363,0.955155,1,0.82802,11.0785,10.9564,0.921076,149.182
2023-10-02,4.406859,0.954205,1,0.827146,11.055043,10.859922,0.917996,149.86734261
2023-10-01,4.374198,0.946601,1,0.820142,10.92934,10.721924,0.915519,149.5325
2023-09-30,4.375564,0.94515,1,0.819874,10.9198,10.677605,0.915553,149.3750151
2023-09-29,4.37555,0.94515,1,0.819538,10.9198,10.677605,0.9154,149.3750151
2023-09-28,4.391699,0.946773,1,0.819388,10.926372,10.729832,0.914831,149.3385
2023-09-27,4.410317,0.9519,1,0.824045,11.064775,10.75993,0.92086,149.49512506
2023-09-26,4.359718,0.94615,1,0.823311,11.005369,10.828037,0.915835,149.055
2023-09-25,4.350825,0.94416,1,0.818733,11.063562,10.8103,0.912159,148.823
2023-09-24,4.324171,0.939107,1,0.816921,11.122483,10.7519,0.907205,148.434
2023-09-23,4.32345,0.93775,1,0.81706,11.1369,10.7807,0.90661,148.28
2023-09-22,4.32345,0.93775,1,0.816927,11.1369,10.7807,0.9064,148.28
2023-09-21,4.32906,0.938052,1,0.813478,11.174309,10.777898,0.904712,147.649
2023-09-20,4.332078,0.938976,1,0.811229,11.153114,10.794785,0.89968,148.3225
2023-09-19,4.36287,0.936201,1,0.806905,11.158975,10.77099,0.897374,147.76275
2023-09-18,4.339954,0.935279,1,0.807549,11.145007,10.813,0.8974,147.6175
2023-09-17,4.35074,0.937384,1,0.806712,11.168114,10.7647,0.8971,147.8705
2023-09-16,4.357333,0.937157,1,0.807363,11.1685,10.784581,0.897384,147.775
2023-09-15,4.357333,0.937157,1,0.807363,11.1685,10.784581,0.8973,147.775
2023-09-14,4.358421,0.940289,1,0.806388,11.190263,10.74841,0.896256,147.46533333
2023-09-13,4.310298,0.93171,1,0.800665,11.134765,10.714417,0.893488,147.33215
2023-09-12,4.332235,0.929955,1,0.80056,11.101245,10.680216,0.891522,147.16116667
2023-09-11,4.317098,0.930436,1,0.799485,11.08824,10.645638,0.891265,146.67366667
2023-09-10,4.308719,0.933188,1,0.800734,11.09546,10.661575,0.892066,147.126
2023-09-09,4.31555,0.93395,1,0.802246,11.1272,10.6805,0.892659,147.81507169
2023-09-08,4.31555,0.93395,1,0.802246,11.1272,10.6805,0.8928,147.81507169
2023-09-07,4.32485,0.934733,1,0.801587,11.141245,10.706675,0.892715,147.3365
2023-09-06,4.261323,0.932498,1,0.800099,11.113227,10.714785,0.891373,147.718
2023-09-05,4.18905,0.932431,1,0.795555,11.09854,10.72048,0.8894,147.4605
2023-09-04,4.144736,0.926669,1,0.79222,11.0031,10.642108,0.884843,146.5425
2023-09-03,4.145798,0.926916,1,0.794433,11.040631,10.665602,0.885734,146.21053701
2023-09-02,4.14596,0.926999,1,0.794407,11.0381,10.6593,0.885914,146.20406742
2023-09-01,4.146315,0.926999,1,0.794344,11.0381,10.6593,0.885914,146.20406742
2023-08-31,4.125466,0.922263,1,0.789193,10.95224,10.632262,0.88334,145.48825
2023-08-30,4.089308,0.914953,1,0.78671,10.835515,10.5987,0.878117,146.0905
2023-08-29,4.108444,0.919965,1,0.791387,10.880269,10.586562,0.879015,145.98325
2023-08-28,4.127188,0.923729,1,0.792966,10.968694,10.713438,0.883523,146.4645
2023-08-27,4.138156,0.926185,1,0.79425,11.0477,10.68221,0.8849,146.548
2023-08-26,4.138691,0.926356,1,0.794849,11.05265,10.7023,0.884508,146.435
2023-08-25,4.13855,0.926356,1,0.795039,11.05265,10.7023,0.884649,146.435
2023-08-24,4.145765,0.926009,1,0.794116,11.008463,10.727801,0.885341,146.053
2023-08-23,4.112038,0.920324,1,0.786138,10.913433,10.59263,0.877473,144.6825
2023-08-22,4.120481,0.921956,1,0.785461,10.9314,10.627917,0.880189,145.78016667
2023-08-21,4.107151,0.917623,1,0.783714,10.952035,10.6191,0.87854,146.24775
2023-08-20,4.101796,0.919533,1,0.784837,10.970689,10.647676,0.88241,145.32766667
2023-08-19,4.101969,0.918316,1,0.785299,10.964645,10.6645,0.882048,145.415
2023-08-18,4.101912,0.918316,1,0.785299,10.964645,10.6645,0.882,145.415
2023-08-17,4.110508,0.919587,1,0.784375,10.93591,10.585692,0.878336,145.71755263
2023-08-16,4.111486,0.919575,1,0.785706,10.92345,10.618169,0.880182,146.33675
2023-08-15,4.105889,0.91705,1,0.787386,10.863277,10.531975,0.8787,145.6245
2023-08-14,4.079206,0.916774,1,0.788297,10.801573,10.479907,0.878084,145.4385
2023-08-13,4.051479,0.913798,1,0.787739,10.8316,10.433,0.876772,144.8554
2023-08-12,4.050666,0.9127,1,0.787774,10.809,10.4276,0.876871,144.905
2023-08-11,4.050514,0.9127,1,0.787774,10.809,10.4276,0.876836,144.905
2023-08-10,4.04865,0.910606,1,0.78925,10.706775,10.317335,0.876868,144.8554
2023-08-09,4.068614,0.910971,1,0.786179,10.6717,10.200588,0.877005,143.720625
2023-08-08,4.072051,0.912462,1,0.784708,10.7221,10.26852,0.875644,143.26466667
2023-08-07,4.022442,0.908869,1,0.78235,10.5923,10.148295,0.872985,142.535
2023-08-06,4.035813,0.908871,1,0.784394,10.590695,10.141955,0.874221,141.8745
2023-08-05,4.028115,0.906953,1,0.784437,10.5833,10.1392,0.872607,141.75499861
2023-08-04,4.028119,0.906953,1,0.78405,10.5833,10.1392,0.872607,141.75499861
2023-08-03,4.070782,0.9132,1,0.786431,10.671874,10.233615,0.87435,142.609
2023-08-02,4.061982,0.913793,1,0.786201,10.705245,10.291758,0.877439,143.36
2023-08-01,4.04257,0.908455,1,0.78154,10.57048,10.168205,0.872626,142.963
2023-07-31,4.00565,0.909358,1,0.779317,10.524801,10.124602,0.871779,142.32983333
2023-07-30,4.003524,0.907122,1,0.778003,10.534233,10.192075,0.869851,140.765
2023-07-29,4.005346,0.9065,1,0.778452,10.548099,10.1977,0.866307,141.145
2023-07-28,4.005346,0.9065,1,0.778452,10.548099,10.1977,0.870154,141.145
2023-07-27,4.029148,0.910896,1,0.781657,10.508386,10.183185,0.868908,138.87033333
2023-07-26,3.99346,0.90269,1,0.773572,10.40478,10.12689,0.861614,140.37333333
2023-07-25,4.01112,0.90497,1,0.775573,10.373865,10.065595,0.864626,140.91566667
2023-07-24,4.023524,0.903911,1,0.780511,10.40884,10.059638,0.869975,141.5435
2023-07-23,4.014076,0.89874,1,0.778142,10.418695,10.09118,0.866217,141.696
2023-07-22,4.010184,0.898594,1,0.777847,10.3964,10.0759,0.865977,141.78001997
2023-07-21,4.01015,0.89825,1,0.777847,10.388,10.0759,0.865977,141.78001997
2023-07-20,4.000685,0.898099,1,0.776817,10.348425,10.069705,0.866284,139.8556
2023-07-19,3.973887,0.892459,1,0.772963,10.274475,10.040806,0.858014,139.6085
2023-07-18,3.962996,0.890597,1,0.767241,10.208337,10.054068,0.857781,139.02427778
2023-07-17,3.949422,0.889768,1,0.764994,10.24432,10.06324,0.860399,138.774
2023-07-16,3.970434,0.8906,1,0.763961,10.23759,10.054392,0.862003,138.688
2023-07-15,3.967219,0.889957,1,0.763884,10.2315,10.051315,0.863265,138.69490883
2023-07-14,3.967364,0.8894,1,0.763825,10.184516,10.0502,0.863265,138.69490883
2023-07-13,3.960352,0.890984,1,0.76171,10.20443,9.94719,0.859169,138.066
2023-07-12,3.983752,0.897621,1,0.769468,10.368711,10.112962,0.866709,138.325
2023-07-11,4.029961,0.907916,1,0.773156,10.6604,10.35033,0.878769,140.12366667
2023-07-10,4.037426,0.90865,1,0.777361,10.758578,10.476823,0.884966,141.312
2023-07-09,4.060907,0.911619,1,0.77894,10.82988,10.629598,0.889,142.2135
2023-07-08,4.057944,0.911577,1,0.778907,10.82115,10.6261,0.888733,142.115
2023-07-07,4.060403,0.91166,1,0.778907,10.8212,10.62545,0.888699,142.09500631
2023-07-06,4.117461,0.9183,1,0.78475,10.934215,10.762103,0.895378,143.9771
2023-07-05,4.113199,0.921221,1,0.787126,10.9521,10.681,0.898637,144.499
2023-07-04,4.07675,0.918907,1,0.786287,10.81919,10.651655,0.89683,144.40866667
2023-07-03,4.064222,0.91635,1,0.787883,10.841158,10.690995,0.895949,144.60225
2023-07-02,4.065862,0.916548,1,0.787712,10.7924,10.7488,0.89525,144.3975
2023-07-01,4.064076,0.91605,1,0.786999,10.7939,10.7406,0.894739,144.33492787
2023-06-30,4.064076,0.91605,1,0.788626,10.7939,10.7406,0.8951,144.33492787
2023-06-29,4.088779,0.92015,1,0.79282,10.8629,10.802044,0.899149,144.79633333
2023-06-28,4.096472,0.916149,1,0.791014,10.778652,10.766715,0.896801,144.39
2023-06-27,4.05935,0.912613,1,0.784586,10.727493,10.792973,0.893802,143.878
2023-06-26,4.068955,0.916611,1,0.786714,10.7237,10.73597,0.895748,143.4635
2023-06-25,4.071204,0.916908,1,0.785601,10.72259,10.813391,0.895934,143.539
2023-06-24,4.073712,0.91605,1,0.786535,10.7177,10.8245,0.896649,143.69498745
2023-06-23,4.073719,0.91605,1,0.786411,10.719214,10.8249,0.8968,143.695
2023-06-22,4.037813,0.912782,1,0.784514,10.690654,10.654356,0.895001,143.03133333
2023-06-21,4.034636,0.90978,1,0.78305,10.649855,10.645616,0.892548,141.6885
2023-06-20,4.070033,0.915753,1,0.783345,10.787921,10.72701,0.897748,141.3422
2023-06-19,4.073893,0.915437,1,0.781663,10.742925,10.68976,0.895947,141.90571429
2023-06-18,4.077327,0.913784,1,0.779302,10.6448,10.5715,0.89452,141.866
2023-06-17,4.082273,0.9127,1,0.779788,10.6525,10.5664,0.893637,141.83502051
2023-06-16,4.082273,0.9127,1,0.779788,10.6525,10.5664,0.8936,141.83502051
2023-06-15,4.067919,0.913622,1,0.78217,10.6048,10.499322,0.891833,140.26725
2023-06-14,4.104584,0.922211,1,0.789212,10.703293,10.64051,0.900347,139.9668
2023-06-13,4.158115,0.926815,1,0.793227,10.689435,10.652923,0.905292,140.152
2023-06-12,4.132574,0.92915,1,0.79907,10.8203,10.79872,0.90862,139.462
2023-06-11,4.133257,0.930213,1,0.794928,10.8242,10.7565,0.90335,139.37583333
2023-06-10,4.130088,0.92993,1,0.795513,10.8257,10.7566,0.903067,139.395
2023-06-09,4.130937,0.930319,1,0.795171,10.82715,10.7561,0.903462,139.405
2023-06-08,4.148641,0.927467,1,0.796292,10.80494,10.90276,0.89897,138.8865
2023-06-07,4.191856,0.933964,1,0.803545,10.8928,11.04541,0.909595,139.916
2023-06-06,4.183651,0.9348,1,0.804549,10.916142,11.09407,0.907086,139.52516667
2023-06-05,4.179318,0.933589,1,0.804353,10.852765,11.03755,0.906099,139.41475
2023-06-04,4.200062,0.934855,1,0.804484,10.817828,11.0031,0.909833,140.21475
2023-06-03,4.192794,0.9334,1,0.803181,10.8014,11.02379,0.90904,139.95497809
2023-06-02,4.192718,0.9334,1,0.803084,10.8011,11.024579,0.9092,139.945
2023-06-01,4.198323,0.92931,1,0.798321,10.808917,11.0574,0.90561,138.74483333
2023-05-31,4.233723,0.93505,1,0.803519,10.842648,11.0658,0.910047,139.13975
2023-05-30,4.22725,0.931827,1,0.80563,10.866693,11.183278,0.906122,139.7959375
2023-05-29,4.220645,0.933976,1,0.809871,10.828643,11.117041,0.904564,140.4735
2023-05-28,4.223231,0.9327,1,0.81002,10.8059,11.0812,0.905911,140.885875
2023-05-27,4.22345,0.93185,1,0.809979,10.8129,11.088331,0.906366,140.655
2023-05-26,4.22345,0.93185,1,0.809979,10.8129,11.088331,0.906366,140.655
2023-05-25,4.199097,0.93235,1,0.811906,10.823565,11.05855,0.905129,140.02516667
2023-05-24,4.191994,0.929744,1,0.808411,10.716102,10.957332,0.904325,139.29678571
2023-05-23,4.167723,0.92855,1,0.805395,10.6241,10.95965,0.901545,138.61266667
2023-05-22,4.164169,0.925,1,0.80425,10.564865,10.9056,0.89834,138.66616667
2023-05-21,4.19972,0.923958,1,0.802439,10.5075,10.8709,0.898254,137.69525
2023-05-20,4.198115,0.924428,1,0.803439,10.61723,10.953925,0.899771,137.9650026
2023-05-19,4.200315,0.92435,1,0.803277,10.61723,10.8775,0.899771,137.9650026
2023-05-18,4.22005,0.928066,1,0.805695,10.564848,10.916989,0.904908,138.62866667
2023-05-17,4.172911,0.92268,1,0.801218,10.4485,10.773,0.898642,137.6055
2023-05-16,4.136337,0.920348,1,0.800986,10.4112,10.722267,0.896374,136.43016667
2023-05-15,4.14445,0.919667,1,0.79841,10.347825,10.596664,0.895544,136.0325
2023-05-14,4.160925,0.921365,1,0.803135,10.3874,10.676348,0.898433,135.8255
2023-05-13,4.165455,0.914286,1,0.8026,10.3888,10.661,0.897869,135.735
2023-05-12,4.165364,0.9141,1,0.803084,10.4286,10.688673,0.898699,135.745
2023-05-11,4.160666,0.91641,1,0.799512,10.332632,10.681005,0.894458,134.494
2023-05-10,4.114115,0.910504,1,0.791992,10.2183,10.502545,0.889385,134.0955
2023-05-09,4.15315,0.91202,1,0.792136,10.192827,10.565987,0.890198,135.294
2023-05-08,4.14778,0.909336,1,0.792848,10.171527,10.504579,0.88997,135.08921475
2023-05-07,4.15171,0.907565,1,0.791778,10.175813,10.571985,0.891237,135.195
2023-05-06,4.153071,0.89201,1,0.791202,10.147005,10.5696,0.897381,134.83494536
2023-05-05,4.153071,0.89201,1,0.791202,10.147005,10.5696,0.8974,134.83494536
2023-05-04,4.164137,0.907186,1,0.794786,10.230185,10.679491,0.885462,134.164
2023-05-03,4.146704,0.903465,1,0.795615,10.257095,10.76406,0.883346,134.55475
2023-05-02,4.157956,0.908218,1,0.801603,10.3046,10.805997,0.8924,136.473
2023-05-01,4.198031,0.911535,1,0.80099,10.33406,10.742835,0.8961,137.519
2023-04-30,4.169494,0.908206,1,0.79627,10.261546,10.675206,0.894748,136.4065
2023-04-29,4.162526,0.898674,1,0.79526,10.2628,10.6319,0.894429,136.322
2023-04-28,4.16255,0.8987,1,0.795672,10.2628,10.659423,0.894821,136.30905097
2023-04-27,4.14746,0.906487,1,0.800184,10.288398,10.613625,0.893988,133.80321429
2023-04-26,4.151646,0.905346,1,0.801838,10.3185,10.627154,0.890916,133.4655
2023-04-25,4.186678,0.910899,1,0.805523,10.30755,10.670997,0.891892,133.70983333
2023-04-24,4.16045,0.904367,1,0.8,10.2428,10.5263,0.887157,134.0885
2023-04-23,4.196697,0.909764,1,0.803355,10.305945,10.589397,0.892161,133.96832156
2023-04-22,4.197865,0.901185,1,0.804182,10.2907,10.589026,0.892963,134.1649775
2023-04-21,4.197865,0.901185,1,0.80415,10.2907,10.589026,0.892963,134.1649775
2023-04-20,4.192907,0.911765,1,0.803804,10.30895,10.586985,0.892411,134.00075
2023-04-19,4.22141,0.913092,1,0.804635,10.357285,10.591818,0.8976,134.715
2023-04-18,4.21245,0.911162,1,0.804764,10.308073,10.467765,0.8961,134.0445
2023-04-17,4.240032,0.915365,1,0.808177,10.355077,10.482889,0.898568,134.45783333
2023-04-16,4.226848,0.91037,1,0.806452,10.3362,10.384805,0.894916,133.99158333
2023-04-15,4.221422,0.900698,1,0.804959,10.3312,10.3852,0.89286,133.815
2023-04-14,4.221352,0.900617,1,0.804959,10.3313,10.387104,0.8929,133.814
2023-04-13,4.194029,0.904818,1,0.798416,10.264072,10.30532,0.889084,132.4885
2023-04-12,4.2313,0.909306,1,0.800513,10.336346,10.43973,0.895865,133.088
2023-04-11,4.277039,0.916053,1,0.804537,10.448393,10.558473,0.903087,133.599
2023-04-10,4.314088,0.920039,1,0.807037,10.512099,10.520108,0.908905,133.47275
2023-04-09,4.290967,0.916332,1,0.804457,10.468157,10.493802,0.904531,132.10233333
2023-04-08,4.288783,0.909546,1,0.805088,10.4723,10.4951,0.905563,132.15495187
2023-04-07,4.288734,0.9094,1,0.805088,10.4724,10.4951,0.9059,132.15496791
2023-04-06,4.290648,0.915766,1,0.803988,10.4275,10.451113,0.904575,131.67933333
2023-04-05,4.299143,0.91717,1,0.802397,10.415634,10.451847,0.906423,130.9375
2023-04-04,4.269828,0.91259,1,0.800044,10.276515,10.305305,0.905753,131.438
2023-04-03,4.286516,0.916861,1,0.805087,10.36645,10.279784,0.912922,132.32331818
2023-04-02,4.327979,0.92554,1,0.813919,10.425577,10.453442,0.917737,133.37127273
2023-04-01,4.316148,0.920175,1,0.810045,10.3785,10.4898,0.914864,132.77505866
2023-03-31,4.316148,0.920175,1,0.810045,10.3785,10.4898,0.9149,132.77505866
2023-03-30,4.287771,0.917057,1,0.807334,10.357892,10.397379,0.913417,133.203
2023-03-29,4.323654,0.922275,1,0.812286,10.399905,10.419603,0.918346,132.57
2023-03-28,4.315515,0.922607,1,0.81105,10.35726,10.364081,0.920463,131.05175
2023-03-27,4.338465,0.925365,1,0.813242,10.370259,10.459472,0.915157,131.2415
2023-03-26,4.348419,0.927836,1,0.81664,10.407109,10.464864,0.918995,130.8505
2023-03-25,4.357617,0.92795,1,0.817862,10.656715,10.467985,0.920095,130.74997552
2023-03-24,4.357617,0.92795,1,0.817862,10.656715,10.467985,0.920095,130.75
2023-03-23,4.322447,0.922967,1,0.814266,10.333235,10.403483,0.916748,130.868
2023-03-22,4.310829,0.92005,1,0.814468,10.301158,10.447361,0.916702,131.187125
2023-03-21,4.348633,0.92823,1,0.817986,10.338803,10.543347,0.921813,132.403375
2023-03-20,4.387253,0.932958,1,0.814757,10.371044,10.651393,0.929307,131.3995
2023-03-19,4.4047,0.936262,1,0.82052,10.4996,10.677238,0.927042,132.27933333
2023-03-18,4.40835,0.928031,1,0.821187,10.639965,10.70247,0.923178,131.845
2023-03-17,4.408397,0.93005,1,0.8209,10.481682,10.70247,0.923,131.845
2023-03-16,4.426674,0.942185,1,0.825723,10.505765,10.751505,0.929263,133.36915385
2023-03-15,4.44555,0.945022,1,0.828688,10.60458,10.75945,0.931526,132.90741408
2023-03-14,4.38765,0.932253,1,0.822979,10.474577,10.552875,0.914555,134.439
2023-03-13,4.36541,0.932554,1,0.821837,10.608,10.565415,0.912605,133.08753846
2023-03-12,4.382435,0.936196,1,0.828106,10.6624,10.586025,0.91924,134.9605
2023-03-11,4.39715,0.939276,1,0.830979,10.7117,10.668125,0.92006,134.99494125
2023-03-10,4.39745,0.938394,1,0.831048,10.7071,10.629665,0.92008,134.995
2023-03-09,4.428157,0.944639,1,0.838732,10.727736,10.666099,0.932916,136.37063333
2023-03-08,4.437991,0.947944,1,0.843914,10.72573,10.678029,0.940928,137.2285
2023-03-07,4.446665,0.947976,1,0.845519,10.731343,10.69251,0.942322,137.38907143
2023-03-06,4.390351,0.935756,1,0.831581,10.4485,10.41624,0.930739,135.9915
2023-03-05,4.431149,0.941105,1,0.831407,10.484301,10.415662,0.937046,136.0215
2023-03-04,4.426284,0.939717,1,0.83091,10.4558,10.3813,0.936103,135.84501732
2023-03-03,4.42645,0.939717,1,0.830872,10.4563,10.3813,0.9361,135.844
2023-03-02,4.433767,0.943521,1,0.836827,10.505501,10.445663,0.942005,136.72066667
2023-03-01,4.379438,0.937342,1,0.831469,10.435161,10.38166,0.939545,136.202625
2023-02-28,4.450838,0.945479,1,0.831049,10.470628,10.387818,0.942073,136.351
2023-02-27,4.444101,0.94255,1,0.829037,10.3884,10.3392,0.935768,136.32285714
2023-02-26,4.4725,0.947559,1,0.836816,10.487025,10.3717,0.940341,136.435
2023-02-25,4.475718,0.94585,1,0.837065,10.50518,10.439805,0.940359,136.485
2023-02-24,4.476218,0.944759,1,0.837381,10.50368,10.401,0.9407,136.47498773
2023-02-23,4.461041,0.943556,1,0.832155,10.4306,10.3064,0.93367,134.6245
2023-02-22,4.478268,0.942916,1,0.830064,10.42188,10.354745,0.931299,134.93678192
2023-02-21,4.458801,0.938842,1,0.825825,10.373922,10.297302,0.927581,134.9915
2023-02-20,4.439225,0.936106,1,0.830656,10.346041,10.240889,0.923275,134.33766667
2023-02-19,4.45681,0.935975,1,0.831319,10.46271,10.295056,0.925395,134.3155
2023-02-18,4.44935,0.933141,1,0.830289,10.4512,10.2846,0.924942,134.10497353
2023-02-17,4.44935,0.933143,1,0.830289,10.45515,10.2846,0.924942,134.10497353
2023-02-16,4.473368,0.937515,1,0.83505,10.45816,10.264616,0.926685,134.077
2023-02-15,4.458605,0.935305,1,0.830777,10.419222,10.21122,0.923404,133.9055
2023-02-14,4.448252,0.931474,1,0.821438,10.358985,10.139933,0.9215,132.993
2023-02-13,4.461241,0.931871,1,0.822989,10.372888,10.089905,0.918775,132.3395
2023-02-12,4.468798,0.936559,1,0.829786,10.454535,10.147865,0.923853,131.5565
2023-02-11,4.466807,0.935585,1,0.828912,10.47844,10.1696,0.924983,131.42504192
2023-02-10,4.466894,0.935585,1,0.828912,10.4818,10.1696,0.925,131.42502795
2023-02-09,4.428,0.931162,1,0.825369,10.344382,10.179799,0.92214,131.519125
2023-02-08,4.423498,0.933225,1,0.828452,10.588324,10.313698,0.920948,131.3899
2023-02-07,4.426501,0.931885,1,0.82959,10.572098,10.317645,0.921657,131.059
2023-02-06,4.421834,0.932048,1,0.831519,10.614852,10.335947,0.928079,132.6275
2023-02-05,4.3691,0.926826,1,0.830317,10.55927,10.2298,0.926541,132.056
2023-02-04,4.369542,0.92495,1,0.829566,10.54809,10.2181,0.926044,131.18504871
2023-02-03,4.370042,0.92545,1,0.830013,10.53759,10.217535,0.926544,131.195
2023-02-02,4.295492,0.91704,1,0.818254,10.385201,10.046764,0.913281,128.7655
2023-02-01,4.270542,0.908038,1,0.807255,10.312707,9.88848,0.907229,128.60680807
2023-01-31,4.336094,0.920753,1,0.812453,10.439905,9.984279,0.9164,130.115
2023-01-30,4.342632,0.921663,1,0.80973,10.3982,9.9791,0.925358,130.4865
2023-01-29,4.334152,0.919806,1,0.806427,10.312246,9.86589,0.92072,129.8385
2023-01-28,4.327862,0.919752,1,0.807689,10.3073,9.8902,0.922381,129.88505841
2023-01-27,4.33015,0.919836,1,0.807689,10.30865,9.8902,0.9225,129.88505841
2023-01-26,4.326745,0.917979,1,0.805497,10.270461,9.862685,0.920246,129.81007692
2023-01-25,4.317486,0.915709,1,0.805755,10.197986,9.89388,0.917233,129.263
2023-01-24,4.328223,0.918271,1,0.810927,10.206739,9.865061,0.9223,130.2154
2023-01-23,4.333937,0.919836,1,0.807836,10.237821,9.8214,0.921749,130.5975
2023-01-22,4.333082,0.920449,1,0.806045,10.283788,9.86951,0.919995,129.39283333
2023-01-21,4.13765,0.919339,1,0.807168,10.2955,9.79287,0.92001,129.55499176
2023-01-20,4.137624,0.9194,1,0.806972,10.2949,9.881,0.9201,129.55499176
2023-01-19,4.358655,0.923063,1,0.806944,10.312945,9.907443,0.9157,128.37422727
2023-01-18,4.378256,0.926102,1,0.809916,10.331545,9.91805,0.9159,128.556
2023-01-17,4.355005,0.92665,1,0.814086,10.427383,9.887542,0.921963,128.28566667
2023-01-16,4.33335,0.923387,1,0.819105,10.415075,9.906822,0.92561,128.34275
2023-01-15,4.336563,0.924008,1,0.818122,10.368579,9.875817,0.926914,128.05722193
2023-01-14,4.33145,0.922211,1,0.817595,10.4035,9.9019,0.927316,127.89498307
2023-01-13,4.331375,0.921956,1,0.817595,10.4036,9.864075,0.927316,127.895
2023-01-12,4.324732,0.920822,1,0.818571,10.409508,9.888202,0.927371,129.176
2023-01-11,4.353839,0.928883,1,0.822453,10.462905,9.991081,0.930991,131.9025
2023-01-10,4.365406,0.93125,1,0.822842,10.417765,9.982236,0.922252,132.10714286
2023-01-09,4.372923,0.931728,1,0.820765,10.403281,9.919495,0.921103,131.73325
2023-01-08,4.4038,0.937828,1,0.825046,10.513641,10.00094,0.926472,131.80325
2023-01-07,4.26185,0.937778,1,0.826925,10.52261,9.98755,0.927892,132.08495459
2023-01-06,4.26185,0.93775,1,0.826925,10.5224,9.9903,0.927892,132.08495459
2023-01-05,4.45025,0.95055,1,0.839702,10.687845,10.25703,0.936155,133.3222
2023-01-04,4.401074,0.942831,1,0.829434,10.507417,10.092985,0.929752,132.258
2023-01-03,4.431579,0.948265,1,0.83566,10.574619,10.094003,0.936264,131.29476471
2023-01-02,4.37548,0.936609,1,0.828959,10.449429,9.845143,0.924485,130.79722222
2023-01-01,4.373507,0.934096,1,0.826651,10.421755,9.78856,0.924587,130.926
2022-12-31,4.38165,0.932271,1,0.826583,10.4273,9.771675,0.924533,131.11504184
2022-12-30,4.38165,0.932304,1,0.826583,10.4273,9.7978,0.924567,131.11504184
2022-12-29,4.388473,0.938042,1,0.829492,10.458975,9.89001,0.923076,132.924
2022-12-28,4.4141,0.940812,1,0.83139,10.462357,9.886015,0.927912,134.03383333
2022-12-27,4.400352,0.94015,1,0.831504,10.478595,9.82984,0.929408,133.48935
2022-12-26,4.364297,0.939848,1,0.827632,10.495843,9.839577,0.932049,132.7655
2022-12-25,4.37081,0.941531,1,0.829531,10.5218,9.858875,0.93335,132.80956357
2022-12-24,4.371339,0.937457,1,0.829669,10.5321,9.8854,0.933295,132.76501077
2022-12-23,4.371339,0.937469,1,0.829669,10.5321,9.8854,0.933295,132.76501077
2022-12-22,4.378688,0.9433,1,0.830696,10.466069,9.876123,0.93122,132.382
2022-12-21,4.393197,0.94268,1,0.828063,10.421464,9.836839,0.926678,132.397
2022-12-20,4.397144,0.941132,1,0.820455,10.417951,9.87284,0.926372,131.89466667
2022-12-19,4.416744,0.942294,1,0.822707,10.389233,9.90318,0.928743,136.97575
2022-12-18,4.433078,0.944776,1,0.822407,10.4197,9.8291,0.934673,136.58116667
2022-12-17,4.425869,0.943886,1,0.823452,10.4116,9.898,0.931818,136.70502628
2022-12-16,4.425869,0.94359,1,0.823452,10.4116,9.898,0.931818,136.705
2022-12-15,4.411402,0.93996,1,0.82029,10.344825,9.856985,0.927686,137.752
2022-12-14,4.384302,0.936672,1,0.805234,10.169735,9.723568,0.924392,135.36565
2022-12-13,4.418408,0.94125,1,0.809376,10.222197,9.779925,0.929044,135.579
2022-12-12,4.449837,0.948554,1,0.815038,10.327436,9.983083,0.935791,137.5165
2022-12-11,4.457399,0.950459,1,0.817279,10.340436,9.98725,0.935156,136.7195
2022-12-10,4.45255,0.948632,1,0.815827,10.35015,10.0054,0.935101,136.57498781
2022-12-09,4.45255,0.948157,1,0.815345,10.37511,10.01498,0.9349,136.56500786
2022-12-08,4.438908,0.947351,1,0.817382,10.328825,9.965385,0.936071,136.64166667
2022-12-07,4.465925,0.951289,1,0.81901,10.382088,10.020745,0.940414,136.38407469
2022-12-06,4.481128,0.95535,1,0.824217,10.414281,10.013989,0.942054,136.8905
2022-12-05,4.489199,0.952699,1,0.820159,10.407345,9.946636,0.942463,136.58733333
2022-12-04,4.431769,0.948439,1,0.813204,10.321135,9.77324,0.936515,134.48066667
2022-12-03,4.43685,0.948992,1,0.813008,10.3262,9.765,0.935935,134.31499706
2022-12-02,4.437004,0.949066,1,0.813389,10.3262,9.7618,0.936,134.31499706
2022-12-01,4.454242,0.949893,1,0.815757,10.302398,9.720575,0.936479,135.150375
2022-11-30,4.479107,0.959367,1,0.828089,10.481535,9.8284,0.943985,137.362
2022-11-29,4.529394,0.968581,1,0.837098,10.597954,10.012387,0.954495,138.754
2022-11-28,4.530227,0.966794,1,0.836142,10.552198,10.021093,0.949021,138.72819323
2022-11-27,4.52545,0.9646,1,0.829604,10.462347,9.9113,0.947471,139.37903877
2022-11-26,4.511498,0.9602,1,0.827062,10.4347,9.8788,0.945993,139.12501514
2022-11-25,4.511498,0.960292,1,0.826925,10.4346,9.8788,0.946,139.125
2022-11-24,4.515053,0.960814,1,0.825594,10.399675,9.91075,0.943591,138.60833333
2022-11-23,4.515197,0.959863,1,0.828028,10.4383,9.940155,0.940879,139.253
2022-11-22,4.565342,0.96984,1,0.840779,10.635331,10.101618,0.951178,141.16
2022-11-21,4.587842,0.975943,1,0.845562,10.7103,10.25923,0.958423,142.103
2022-11-20,4.553055,0.967972,1,0.841386,10.64763,10.16915,0.953445,140.2665
2022-11-19,4.55165,0.966604,1,0.841149,10.6364,10.1928,0.954788,140.36506305
2022-11-18,4.551641,0.966697,1,0.840972,10.6325,10.1932,0.9543,140.34506659
2022-11-17,4.54174,0.965143,1,0.84322,10.610091,10.125736,0.952932,140.4326
2022-11-16,4.521955,0.962146,1,0.83934,10.486727,10.005251,0.944466,139.32831818
2022-11-15,4.5774,0.965484,1,0.841778,10.46499,9.98448,0.943048,138.96843333
2022-11-14,4.565648,0.969008,1,0.850915,10.495286,10.041988,0.943422,140.0975
2022-11-13,4.527568,0.968325,1,0.847678,10.404591,9.93115,0.944188,139.6165
2022-11-12,4.52395,0.965111,1,0.844773,10.3693,9.93105,0.94057,138.815
2022-11-11,4.523596,0.964181,1,0.845552,10.447215,9.88696,0.9426,138.8
2022-11-10,4.5981,0.981176,1,0.855132,10.599615,10.102743,0.965109,141.7375
2022-11-09,4.704022,0.998067,1,0.879621,10.880777,10.372108,0.983635,146.2034
2022-11-08,4.657286,0.991988,1,0.865726,10.751471,10.231293,0.984607,145.29775
2022-11-07,4.66298,0.998259,1,0.868606,10.8473,10.22465,0.988943,146.6285
2022-11-06,4.723961,1.007208,1,0.882539,10.942408,10.270355,0.996836,146.846125
2022-11-05,4.70535,1.00165,1,0.878928,11.00804,10.244635,0.99811,146.60499638
2022-11-04,4.705364,1.001753,1,0.8794,11.00804,10.244635,0.997891,146.605
2022-11-03,4.817244,1.025706,1,0.895222,11.19201,10.58195,1.01335,148.395
2022-11-02,4.793653,1.018963,1,0.878424,11.121701,10.47332,1.00322,147.89433333
2022-11-01,4.761168,1.012429,1,0.870417,11.020843,10.357567,0.999962,147.91753333
2022-10-31,4.770786,1.011526,1,0.872023,11.029565,10.389935,1.0016,148.739
2022-10-30,4.741307,1.004555,1,0.86244,10.973521,10.325541,0.996461,147.8155
2022-10-29,4.73395,1.003509,1,0.861067,10.9476,10.324675,0.99634,147.455
2022-10-28,4.73395,1.003509,1,0.861141,10.9476,10.324675,0.99634,147.455
2022-10-27,4.738642,1.003308,1,0.864753,10.958874,10.274579,0.99038,146.28675
2022-10-26,4.699028,0.99087,1,0.859174,10.841586,10.229853,0.984774,146.0904
2022-10-25,4.78685,1.003799,1,0.872685,10.974809,10.402964,0.994877,147.9830693
2022-10-24,4.84342,1.011721,1,0.884486,11.15015,10.502052,0.999658,148.8905
2022-10-23,4.84115,1.013942,1,0.882139,11.210685,10.481994,0.997557,147.6335
2022-10-22,4.843924,1.01442,1,0.884604,11.1881,10.5308,0.997962,147.695
2022-10-21,4.843616,1.014137,1,0.884128,11.18159,10.513967,0.997962,147.675
2022-10-20,4.883258,1.022648,1,0.891126,11.280826,10.6724,1.004,150.174
2022-10-19,4.921178,1.023997,1,0.892311,11.231906,10.630903,1.005033,149.82883333
2022-10-18,4.852068,1.013926,1,0.881632,11.080029,10.544242,0.993815,149.2165
2022-10-17,4.873635,1.015863,1,0.880901,11.141154,10.520065,0.995737,148.9735
2022-10-16,4.949433,1.026705,1,0.889541,11.27904,10.641093,1.00365,148.63833333
2022-10-15,4.938249,1.028648,1,0.895135,11.309435,10.670033,1.006342,148.75495969
2022-10-14,4.938249,1.028648,1,0.895135,11.309435,10.670033,1.006342,148.75495969
2022-10-13,4.920047,1.023816,1,0.884849,11.263499,10.585042,1.001785,147.307
2022-10-12,4.991995,1.0304,1,0.900829,11.336784,10.773285,0.997666,146.76805556
2022-10-11,5.002411,1.030854,1,0.912071,11.371522,10.760793,0.997721,145.8943
2022-10-10,5.001918,1.029712,1,0.902603,11.29401,10.673556,0.999529,145.6705
2022-10-09,4.991449,1.027063,1,0.903128,11.230069,10.721887,0.994449,145.4688
2022-10-08,4.9908,1.026167,1,0.901998,11.2039,10.7177,0.994775,145.365
2022-10-07,4.9888,1.026792,1,0.901364,11.218175,10.7123,0.994708,145.34503613
2022-10-06,4.993231,1.021524,1,0.895884,11.151683,10.721573,0.98995,145.041
2022-10-05,4.862224,1.008892,1,0.880577,10.934019,10.493072,0.981334,144.441
2022-10-04,4.822761,1.001623,1,0.873274,10.850038,10.443428,0.97878,143.85625
2022-10-03,4.909395,1.016923,1,0.881989,11.006554,10.641098,0.992846,144.52700199
2022-10-02,4.948008,1.02085,1,0.898019,11.104961,10.8721,0.985585,144.80433333
2022-10-01,4.951725,1.020055,1,0.896861,11.101302,10.88418,0.9887,144.739
2022-09-30,4.953223,1.0202,1,0.896861,11.101302,10.88418,0.9887,144.74997256
2022-09-29,4.937785,1.017364,1,0.895131,11.141106,10.6797,0.974983,144.4265
2022-09-28,4.958106,1.030235,1,0.923246,11.232055,10.701592,0.9779,144.4175
2022-09-27,4.990138,1.042121,1,0.932312,11.3625,10.8038,0.991748,144.71047061
2022-09-26,4.944759,1.039495,1,0.928855,11.330063,10.791382,0.992244,144.47428261
2022-09-25,4.901233,1.032444,1,0.926504,11.300954,10.602563,0.9824,143.531
2022-09-24,4.896319,1.031992,1,0.920938,11.2981,10.64693,0.981075,143.3765
2022-09-23,4.895129,1.031779,1,0.920938,11.29318,10.62833,0.981075,143.33506448
2022-09-22,4.831049,1.016399,1,0.88788,11.069225,10.40036,0.975918,142.2745
2022-09-21,4.862355,1.017144,1,0.88835,11.097023,10.369598,0.96785,144.24566667
2022-09-20,4.743889,1.002883,1,0.878682,10.89493,10.33536,0.963869,143.58505124
2022-09-19,4.691281,0.996988,1,0.873755,10.767339,10.206831,0.964007,143.1835
2022-09-18,4.707485,0.997781,1,0.874585,10.736334,10.18772,0.963194,142.762
2022-09-17,4.713388,0.998388,1,0.87608,10.436395,10.19135,0.965294,142.9565
2022-09-16,4.713927,0.998389,1,0.876079,10.436145,10.1815,0.96495,142.9265
2022-09-15,4.73224,1.001252,1,0.873206,10.746317,10.187174,0.96189,143.34156667
2022-09-14,4.725146,1.001812,1,0.866176,10.694958,10.091393,0.96205,142.924
2022-09-13,4.730944,1.002166,1,0.869381,10.691104,10.107613,0.960664,144.46016667
2022-09-12,4.634136,0.987225,1,0.855492,10.478898,9.8393,0.953027,142.58575
2022-09-11,4.66299,0.99297,1,0.860581,10.583592,9.875036,0.959698,142.56
2022-09-10,4.67405,0.985076,1,0.862495,10.6289,9.9264,0.958969,142.50505376
2022-09-09,4.674088,0.98526,1,0.862292,10.629,9.9268,0.959,142.50505376
2022-09-08,4.704092,0.999017,1,0.868101,10.697373,10.030585,0.968726,143.87872222
2022-09-07,4.714452,1.000202,1,0.867883,10.704408,10.0128,0.976725,144.09857143
2022-09-06,4.781349,1.010407,1,0.868762,10.809905,10.043732,0.98467,143.145
2022-09-05,4.75315,1.005001,1,0.86469,10.784392,9.947221,0.978631,140.4355
2022-09-04,4.764989,1.009235,1,0.871653,10.8373,10.065107,0.983349,140.5345
2022-09-03,4.741893,1.004722,1,0.86847,10.782285,10.018225,0.981112,140.211
2022-09-02,4.741893,1.004722,1,0.86847,10.782285,10.018225,0.981484,140.211
2022-09-01,4.738904,1.004843,1,0.86601,10.7928,10.0497,0.981211,140.0825
2022-08-31,4.70657,0.996198,1,0.862295,10.68127,9.95526,0.979281,139.3335
2022-08-30,4.71393,0.997656,1,0.857743,10.675,9.815944,0.974079,138.764
2022-08-29,4.729868,0.998911,1,0.853115,10.654164,9.736495,0.967365,138.64175
2022-08-28,4.774924,1.006386,1,0.855432,10.707935,9.803902,0.96874,138.16414286
2022-08-27,4.752499,1.003512,1,0.8511,10.682875,9.807615,0.965403,137.565
2022-08-26,4.752598,1.003613,1,0.85237,10.682875,9.782215,0.966827,137.57306008
2022-08-25,4.755168,1.002928,1,0.845805,10.593757,9.667826,0.963722,136.567
2022-08-24,4.784722,1.00323,1,0.848132,10.6145,9.701456,0.966608,137.1
2022-08-23,4.790094,1.003351,1,0.8454,10.6341,9.7166,0.964421,136.7445
2022-08-22,4.790476,1.006218,1,0.849943,10.713428,9.823747,0.964511,137.5765
2022-08-21,4.730961,0.996114,1,0.845343,10.588705,9.810992,0.958809,136.91159117
2022-08-20,4.731875,0.996314,1,0.845344,10.588575,9.8106,0.958587,136.9005
2022-08-19,4.731787,0.996413,1,0.845405,10.587135,9.816085,0.95905,136.94503191
2022-08-18,4.68595,0.991165,1,0.83815,10.51015,9.736625,0.957013,135.808
2022-08-17,4.6202,0.982555,1,0.830167,10.395592,9.711212,0.951377,134.95554597
2022-08-16,4.584981,0.983293,1,0.826788,10.341193,9.6742,0.949732,134.2859
2022-08-15,4.60965,0.983913,1,0.829394,10.343945,9.713,0.945913,133.1375
2022-08-14,4.54365,0.97525,1,0.824606,10.210665,9.5977,0.9419,133.312
2022-08-13,4.536462,0.974417,1,0.823605,10.20494,9.5664,0.94159,133.4365
2022-08-12,4.536462,0.974417,1,0.823605,10.20494,9.5664,0.941275,133.4365
2022-08-11,4.542958,0.969176,1,0.820012,10.06477,9.527405,0.94157,133.01158453
2022-08-10,4.540295,0.97085,1,0.818934,10.053238,9.517556,0.942496,132.81528571
2022-08-09,4.606203,0.9796,1,0.828401,10.172126,9.733446,0.954276,135.19585714
2022-08-08,4.608302,0.98055,1,0.827458,10.145353,9.737702,0.955035,134.84
2022-08-07,4.632661,0.983049,1,0.8291,10.210261,9.821656,0.962201,135.0635
2022-08-06,4.625424,0.98161,1,0.828329,10.1985,9.805915,0.961607,134.99
2022-08-05,4.627985,0.981611,1,0.828329,10.2079,9.814685,0.96288,134.9225
2022-08-04,4.597068,0.975804,1,0.822402,10.109914,9.73189,0.954093,132.61945329
2022-08-03,4.625273,0.984572,1,0.823854,10.222541,9.722415,0.961261,133.93202554
2022-08-02,4.651294,0.98458,1,0.823477,10.2585,9.785715,0.958426,133.348
2022-08-01,4.596521,0.974432,1,0.815866,10.121249,9.6355,0.950168,131.412
2022-07-31,4.638022,0.9794,1,0.821813,10.186698,9.688241,0.952926,133.3735
2022-07-30,4.633947,0.977872,1,0.821355,10.145,9.65905,0.952181,133.20501419
2022-07-29,4.633947,0.977872,1,0.821315,10.145,9.65905,0.952181,133.20501419
2022-07-28,4.672094,0.981151,1,0.821494,10.212731,9.73854,0.954456,134.40316667
2022-07-27,4.689404,0.979859,1,0.822217,10.221906,9.73765,0.95839,136.1195
2022-07-26,4.697903,0.987234,1,0.830789,10.313106,9.891159,0.9624,136.96577778
2022-07-25,4.620621,0.978155,1,0.829604,10.190564,9.839173,0.964336,136.4144
2022-07-24,4.648207,0.980373,1,0.834376,10.231687,9.9366,0.963341,136.34
2022-07-23,4.642516,0.979144,1,0.833021,10.2174,9.9238,0.961674,136.178
2022-07-22,4.641116,0.97924,1,0.833021,10.222555,9.924078,0.961674,136.04999768
2022-07-21,4.660656,0.97843,1,0.83365,10.19668,9.948661,0.966413,137.07685714
2022-07-20,4.687901,0.982238,1,0.835565,10.251121,9.973514,0.971607,138.419
2022-07-19,4.651193,0.977468,1,0.83305,10.226275,9.905352,0.9688,138.17997458
2022-07-18,4.715644,0.985464,1,0.83687,10.395934,10.093144,0.977574,138.25977273
2022-07-17,4.737685,0.990353,1,0.84103,10.46568,10.184,0.975498,138.299
2022-07-16,4.74005,0.992,1,0.843562,10.4952,10.1766,0.976929,138.5315
2022-07-15,4.73995,0.992,1,0.843526,10.4909,10.173449,0.977618,138.618
2022-07-14,4.806042,0.997354,1,0.844538,10.574785,10.22827,0.98299,138.985
2022-07-13,4.817294,0.996579,1,0.842894,10.584913,10.234088,0.98087,137.6332465
2022-07-12,4.80219,0.996974,1,0.841905,10.583261,10.264735,0.98198,136.7365
2022-07-11,4.782325,0.995411,1,0.840368,10.636899,10.199183,0.983159,137.41633333
2022-07-10,4.695891,0.983533,1,0.832154,10.531729,10.128435,0.977935,136.29925
2022-07-09,4.68785,0.981668,1,0.83129,10.489635,10.06727,0.97655,136.09
2022-07-08,4.68765,0.981668,1,0.83091,10.496035,10.06727,0.976808,136.09497417
2022-07-07,4.70265,0.983335,1,0.831393,10.521,10.075898,0.973855,135.92116667
2022-07-06,4.685065,0.981904,1,0.838756,10.538326,10.133568,0.970247,135.95324508
2022-07-05,4.625398,0.974966,1,0.836736,10.51626,10.066324,0.968493,135.538
2022-07-04,4.518592,0.958513,1,0.825511,10.329281,9.816374,0.960985,135.8652
2022-07-03,4.499604,0.95835,1,0.826436,10.311,9.9167,0.958503,135.0035
2022-07-02,4.50368,0.958856,1,0.826105,10.303065,9.934754,0.959025,135.225
2022-07-01,4.50368,0.958856,1,0.826806,10.303065,9.934754,0.959174,135.225
2022-06-30,4.486386,0.95434,1,0.822358,10.231867,9.84668,0.955146,135.80325
2022-06-29,4.469687,0.957314,1,0.824455,10.234356,9.887757,0.954202,136.62226766
2022-06-28,4.464915,0.950164,1,0.820508,10.152495,9.821722,0.956825,136.0475
2022-06-27,4.428208,0.945191,1,0.815236,10.08576,9.796334,0.956393,135.44261111
2022-06-26,4.435927,0.946298,1,0.814133,10.117593,9.838597,0.957308,135.0595
2022-06-25,4.43857,0.947329,1,0.815361,10.134325,9.854425,0.959202,135.21
2022-06-24,4.43857,0.947329,1,0.81526,10.134325,9.854425,0.959202,135.21
2022-06-23,4.470081,0.95056,1,0.815657,10.1822,9.97942,0.96131,134.823
2022-06-22,4.446531,0.946536,1,0.816166,10.104369,9.925695,0.96172,135.99275808
2022-06-21,4.403601,0.949595,1,0.815392,10.1082,9.85018,0.966269,136.3256
2022-06-20,4.419888,0.950616,1,0.816427,10.11625,9.892018,0.967478,135.0995
2022-06-19,4.462367,0.953268,1,0.817783,10.181835,9.992393,0.969843,135.2975
2022-06-18,4.4577,0.952744,1,0.817962,10.18,10.0003,0.970848,134.9925
2022-06-17,4.45795,0.952472,1,0.818331,10.173193,10.001573,0.970848,134.98200425
2022-06-16,4.481733,0.948182,1,0.809674,10.152263,9.96377,0.966898,132.4205
2022-06-15,4.460767,0.956234,1,0.821358,10.164165,9.925479,0.994489,134.05143277
2022-06-14,4.465072,0.958119,1,0.832586,10.180769,9.998945,0.999504,135.28
2022-06-13,4.469591,0.960138,1,0.823546,10.193253,9.908935,0.996751,134.241
2022-06-12,4.396549,0.953202,1,0.81453,10.057063,9.780933,0.9893,134.791
2022-06-11,4.38115,0.95057,1,0.811919,10.0292,9.71408,0.987862,134.415
2022-06-10,4.38145,0.950638,1,0.812018,10.031442,9.69488,0.987982,134.43498488
2022-06-09,4.336727,0.941659,1,0.800466,9.914435,9.588928,0.980415,134.395
2022-06-08,4.280641,0.933101,1,0.797373,9.825438,9.473831,0.978906,134.46005521
2022-06-07,4.276935,0.934819,1,0.794439,9.801342,9.464694,0.973619,132.82125
2022-06-06,4.290706,0.935482,1,0.798494,9.799675,9.430766,0.971404,132.17548417
2022-06-05,4.278652,0.932444,1,0.800621,9.764864,9.43613,0.962329,130.73433333
2022-06-04,4.28225,0.932923,1,0.800737,9.7671,9.43645,0.961757,130.845
2022-06-03,4.28165,0.932823,1,0.800737,9.7653,9.439625,0.962085,130.85300189
2022-06-02,4.257629,0.9301,1,0.795017,9.695667,9.368004,0.957649,129.94
2022-06-01,4.306542,0.938853,1,0.801026,9.8474,9.48169,0.963079,130.12571501
2022-05-31,4.269094,0.931608,1,0.793047,9.76371,9.368545,0.959652,128.7385
2022-05-30,4.257229,0.928255,1,0.790776,9.753615,9.411335,0.958307,127.7832
2022-05-29,4.260459,0.932023,1,0.792103,9.824186,9.459318,0.95798,127.2755
2022-05-28,4.25895,0.93178,1,0.791822,9.813288,9.464522,0.957058,127.1349956
2022-05-27,4.25895,0.93178,1,0.791822,9.813288,9.464522,0.957058,127.1349956
2022-05-26,4.292502,0.931732,1,0.792553,9.859582,9.532044,0.958645,127.10259091
2022-05-25,4.30468,0.935721,1,0.794526,9.861492,9.575342,0.961615,127.15423724
2022-05-24,4.282911,0.931712,1,0.797343,9.759072,9.564117,0.960414,126.7383
2022-05-23,4.316387,0.935971,1,0.795738,9.824226,9.614375,0.965834,127.8235
2022-05-22,4.380251,0.946029,1,0.799779,9.935476,9.7282,0.975025,127.8945
2022-05-21,4.38295,0.946459,1,0.800737,9.94128,9.74331,0.974942,127.86497636
2022-05-20,4.38295,0.946459,1,0.800494,9.94128,9.74331,0.974942,127.86497636
2022-05-19,4.393065,0.945222,1,0.80237,9.924792,9.69578,0.972321,127.85323077
2022-05-18,4.434863,0.954802,1,0.810088,10.04648,9.89453,0.987249,127.93085925
2022-05-17,4.413045,0.947957,1,0.800819,9.924896,9.671065,0.9939,129.421
2022-05-16,4.460924,0.957951,1,0.811301,10.058698,9.766855,1.002082,128.95172727
2022-05-15,4.501781,0.961729,1,0.815855,10.069423,9.7717,1.002366,129.412
2022-05-14,4.498575,0.96044,1,0.815328,10.033215,9.76371,1.001631,129.20497769
2022-05-13,4.498575,0.96044,1,0.815544,10.033215,9.76371,1.001782,129.20497769
2022-05-12,4.497081,0.963494,1,0.819388,10.156718,9.8708,1.003315,128.606
2022-05-11,4.447329,0.951299,1,0.817411,10.07968,9.75263,0.994767,129.8523
2022-05-10,4.44595,0.949744,1,0.812612,10.0804,9.735339,0.995966,130.370125
2022-05-09,4.44296,0.946672,1,0.810701,10.089998,9.66883,0.993024,130.3835
2022-05-08,4.464885,0.949453,1,0.81131,9.9727,9.521238,0.989157,130.73966667
2022-05-07,4.47047,0.94802,1,0.810406,9.9509,9.4905,0.988548,130.57498518
2022-05-06,4.47047,0.94802,1,0.810241,9.9509,9.4905,0.988548,130.57498518
2022-05-05,4.44775,0.948796,1,0.808901,9.9497,9.485462,0.9854,130.3235
2022-05-04,4.377934,0.941536,1,0.792605,9.740784,9.238095,0.973349,129.2385
2022-05-03,4.45838,0.950079,1,0.800083,9.867335,9.393125,0.978851,130.122
2022-05-02,4.466278,0.951506,1,0.800057,9.911338,9.440872,0.977657,130.10575
2022-05-01,4.441768,0.949196,1,0.795608,9.823884,9.391238,0.974213,130.0045
2022-04-30,4.430362,0.948434,1,0.795324,9.83063,9.382062,0.973635,129.84500575
2022-04-29,4.430362,0.948434,1,0.795776,9.83063,9.382062,0.973635,129.84500575
2022-04-28,4.466525,0.95205,1,0.80225,9.882204,9.41208,0.971755,130.78916667
2022-04-27,4.461006,0.947469,1,0.79745,9.8432,9.332085,0.968858,128.44375
2022-04-26,4.438199,0.939585,1,0.794809,9.8403,9.242248,0.962402,127.2675
2022-04-25,4.33435,0.933443,1,0.785114,9.7116,9.120841,0.95844,127.7754
2022-04-24,4.297179,0.925094,1,0.77952,9.52417,8.947015,0.955749,128.612
2022-04-23,4.309395,0.927068,1,0.778847,9.582715,8.9627,0.957491,128.471
2022-04-22,4.310145,0.927068,1,0.778847,9.582715,8.957032,0.957602,128.45002607
2022-04-21,4.281325,0.922922,1,0.767777,9.51513,8.89986,0.953768,128.43992857
2022-04-20,4.277058,0.921651,1,0.765205,9.446082,8.81523,0.949197,127.98164765
2022-04-19,4.302917,0.926415,1,0.768405,9.532525,8.828576,0.952132,129.33311111
2022-04-18,4.288085,0.927639,1,0.768752,9.597197,8.851474,0.944887,127.1465
2022-04-17,4.283184,0.92477,1,0.765931,9.567044,8.80307,0.942476,126.61
2022-04-16,4.282676,0.924907,1,0.765697,9.5639,8.8015,0.943109,126.45302507
2022-04-15,4.282676,0.924907,1,0.765697,9.5639,8.8015,0.943109,126.45302507
2022-04-14,4.288196,0.924075,1,0.765335,9.527211,8.7857,0.943088,126.1776129
2022-04-13,4.259555,0.917837,1,0.762252,9.471913,8.74846,0.933965,125.363
2022-04-12,4.28365,0.923692,1,0.769119,9.5211,8.77416,0.932692,125.4335
2022-04-11,4.287974,0.919369,1,0.767847,9.510863,8.824538,0.931515,125.48276923
2022-04-10,4.262577,0.918754,1,0.76746,9.440046,8.7092,0.934318,124.404
2022-04-09,4.260724,0.919413,1,0.767142,9.44924,8.708546,0.935376,124.32499032
2022-04-08,4.260724,0.919413,1,0.767142,9.44924,8.708546,0.934249,124.32499032
2022-04-07,4.266694,0.920442,1,0.765164,9.465845,8.81612,0.934536,124.0995
2022-04-06,4.274082,0.917625,1,0.765158,9.486015,8.804248,0.933096,123.7275
2022-04-05,4.258226,0.91692,1,0.764707,9.42795,8.7669,0.929671,123.6595
2022-04-04,4.21085,0.911153,1,0.762614,9.42274,8.7156,0.926361,122.80652211
2022-04-03,4.203046,0.905308,1,0.7631,9.3725,8.75917,0.926111,122.63675
2022-04-02,4.199638,0.905387,1,0.762515,9.3698,8.7521,0.92575,122.507
2022-04-01,4.19847,0.9051,1,0.76255,9.373315,8.747961,0.92565,122.507
2022-03-31,4.192265,0.903016,1,0.76075,9.388275,8.786723,0.9231,121.7465
2022-03-30,4.15965,0.89594,1,0.761187,9.2508,8.5735,0.923155,122.0235
2022-03-29,4.199647,0.901589,1,0.763703,9.326125,8.668005,0.931209,123.127
2022-03-28,4.271529,0.909802,1,0.763347,9.487382,8.705541,0.933502,123.606
2022-03-27,4.2686,0.910573,1,0.75915,9.415033,8.62584,0.931062,122.276
2022-03-26,4.261398,0.910374,1,0.758121,9.45961,8.60232,0.929305,122.095
2022-03-25,4.26065,0.91045,1,0.75815,9.45961,8.602325,0.929416,122.085
2022-03-24,4.334928,0.908384,1,0.757909,9.402473,8.665288,0.929523,122.3525
2022-03-23,4.294724,0.908566,1,0.757282,9.44675,8.681734,0.930803,121.1238
2022-03-22,4.241564,0.90667,1,0.753814,9.448846,8.759931,0.933444,121.3398
2022-03-21,4.261874,0.9077,1,0.759346,9.492433,8.74459,0.933984,119.5925
2022-03-20,4.269948,0.905576,1,0.759902,9.42238,8.75509,0.933007,119.267
2022-03-19,4.26697,0.903734,1,0.758668,9.40717,8.745595,0.932099,119.21501701
2022-03-18,4.26697,0.903734,1,0.75861,9.40717,8.745595,0.932099,119.21501701
2022-03-17,4.217054,0.90097,1,0.759971,9.414621,8.786094,0.936143,118.496
2022-03-16,4.233083,0.907302,1,0.761035,9.424203,8.905854,0.941572,118.8715
2022-03-15,4.294941,0.911785,1,0.766618,9.612167,9.00689,0.94095,118.3135
2022-03-14,4.32745,0.913835,1,0.768612,9.6185,9.041804,0.938542,118.21944462
2022-03-13,4.379081,0.914742,1,0.766301,9.722493,8.998868,0.934818,117.538
2022-03-12,4.38645,0.916254,1,0.766959,9.747555,9.007698,0.934624,117.28802036
2022-03-11,4.38645,0.916254,1,0.766959,9.747555,9.007698,0.934624,117.28802036
2022-03-10,4.345789,0.907988,1,0.76321,9.667603,8.933352,0.929468,116.18
2022-03-09,4.310225,0.903051,1,0.758443,9.67705,8.914615,0.926575,115.913
2022-03-08,4.475837,0.917615,1,0.763439,9.939228,8.985499,0.929615,115.726
2022-03-07,4.584941,0.920272,1,0.762572,9.981997,9.04619,0.925462,115.3725
2022-03-06,4.543166,0.919652,1,0.756902,9.9225,8.9731,0.92026,114.9545
2022-03-05,4.483222,0.915143,1,0.756001,9.82735,8.9535,0.916356,114.815
2022-03-04,4.4906,0.914892,1,0.756001,9.80175,8.9535,0.916428,114.815
2022-03-03,4.351484,0.903677,1,0.749026,9.74354,8.9123,0.917942,115.481
2022-03-02,4.269934,0.899928,1,0.746486,9.686103,8.8582,0.920581,115.517
2022-03-01,4.258,0.898295,1,0.749913,9.6347,8.880524,0.918604,114.8415
2022-02-28,4.187235,0.891714,1,0.745041,9.466107,8.814114,0.917618,115.075
2022-02-27,4.20546,0.894428,1,0.747824,9.54433,8.933171,0.926828,115.591
2022-02-26,4.110231,0.887154,1,0.745851,9.3956,8.8285,0.925728,115.545
2022-02-25,4.113846,0.886997,1,0.745851,9.39475,8.8285,0.926177,115.5565
2022-02-24,4.14035,0.893611,1,0.747848,9.498697,8.96367,0.925786,115.55492857
2022-02-23,4.05735,0.884525,1,0.738284,9.3954,8.897825,0.917564,114.8995
2022-02-22,4.014355,0.88269,1,0.73592,9.332233,8.896961,0.9215,115.101
2022-02-21,4.018937,0.884228,1,0.735554,9.44485,9.016309,0.915916,114.61013255
2022-02-20,4.002043,0.883652,1,0.735773,9.4056,8.976623,0.920896,114.96582755
2022-02-19,4.000578,0.883232,1,0.735608,9.39498,8.9815,0.921216,114.98502054
2022-02-18,4.000578,0.883232,1,0.735608,9.39498,8.9815,0.921216,114.98502054
2022-02-17,3.980967,0.879987,1,0.73445,9.33771,8.920863,0.919807,114.86332704
2022-02-16,3.960745,0.879289,1,0.73628,9.28229,8.902808,0.921941,115.395
2022-02-15,3.961003,0.880646,1,0.738518,9.29087,8.906646,0.925504,115.6405
2022-02-14,4.028698,0.884486,1,0.739044,9.3868,8.8906,0.924567,115.53925
2022-02-13,4.020311,0.879922,1,0.73698,9.304693,8.852947,0.924794,115.5875
2022-02-12,4.028948,0.881034,1,0.737327,9.34271,8.8688,0.926142,115.425
2022-02-11,4.026987,0.88098,1,0.736903,9.33821,8.865111,0.92561,115.42499388
2022-02-10,3.946299,0.876347,1,0.738062,9.318858,8.8295,0.92586,116.05321429
2022-02-09,3.935981,0.875542,1,0.738962,9.1219,8.820674,0.924289,115.6
2022-02-08,3.966072,0.875618,1,0.738171,9.139465,8.823815,0.925106,115.5355
2022-02-07,3.96585,0.874,1,0.738715,9.12425,8.77572,0.9231,115.064
2022-02-06,3.980702,0.873013,1,0.738936,9.14404,8.782795,0.925185,115.22682976
2022-02-05,3.9874,0.873427,1,0.738672,9.1504,8.79755,0.925003,115.225
2022-02-04,3.9874,0.873427,1,0.738672,9.1504,8.79755,0.925313,115.225
2022-02-03,3.971016,0.874466,1,0.7354,9.099875,8.723639,0.920421,114.9595
2022-02-02,4.018932,0.884973,1,0.737218,9.19913,8.819567,0.91909,114.382
2022-02-01,4.05451,0.88705,1,0.739372,9.253638,8.833742,0.921113,114.7365
2022-01-31,4.080212,0.89052,1,0.743774,9.332268,8.905954,0.927129,115.124
2022-01-30,4.109773,0.896698,1,0.746119,9.422429,8.9922,0.931212,115.2655
2022-01-29,4.110366,0.896909,1,0.74599,9.4282,8.9801,0.930683,115.25504407
2022-01-28,4.110366,0.896909,1,0.74599,9.4282,8.9801,0.931262,115.25504407
2022-01-27,4.091535,0.897212,1,0.746968,9.3912,8.947451,0.931,115.3512
2022-01-26,4.079019,0.889633,1,0.742533,9.307477,8.9394,0.924022,114.72325
2022-01-25,4.053992,0.884708,1,0.740247,9.26017,8.930438,0.918078,113.8948
2022-01-24,4.032322,0.883119,1,0.7414,9.2625,8.9664,0.914249,114.01541667
2022-01-23,3.993492,0.881756,1,0.737724,9.1926,8.898385,0.912641,113.7895
2022-01-22,3.99408,0.881465,1,0.737654,9.1891,8.9109,0.91171,113.69502191
2022-01-21,3.99408,0.881465,1,0.737654,9.1891,8.9109,0.91171,113.69502191
2022-01-20,4.001573,0.883938,1,0.735467,9.2278,8.839895,0.916987,113.991
2022-01-19,3.988891,0.88164,1,0.734822,9.1137,8.782515,0.915839,114.35
2022-01-18,4.00305,0.882729,1,0.73524,9.1359,8.8107,0.917146,114.56375
2022-01-17,3.966695,0.876409,1,0.732762,9.019695,8.716638,0.9139,114.579
2022-01-16,3.97638,0.876311,1,0.731373,9.024499,8.778049,0.914507,114.31
2022-01-15,3.97595,0.876017,1,0.731235,9.026015,8.75175,0.914214,114.235
2022-01-14,3.97595,0.876017,1,0.731154,9.026015,8.75175,0.914214,114.235
2022-01-13,3.962558,0.872872,1,0.729205,8.931815,8.70867,0.911057,114.118
2022-01-12,3.954851,0.874098,1,0.729578,8.946248,8.666752,0.914202,114.67359297
2022-01-11,3.992433,0.879817,1,0.733514,9.03684,8.7722,0.923604,115.336
2022-01-10,4.008346,0.882589,1,0.736374,9.1015,8.858908,0.927265,115.281
2022-01-09,4.0034,0.880777,1,0.735745,9.057181,8.83939,0.918907,115.6215
2022-01-08,4.000612,0.880204,1,0.735916,9.05,8.8345,0.918602,115.588
2022-01-07,4.000937,0.880119,1,0.735916,9.05,8.8345,0.91889,115.53454696
2022-01-06,4.03303,0.885347,1,0.73895,9.148245,8.89355,0.921361,115.86766667
2022-01-05,4.044127,0.88405,1,0.73777,9.1134,8.8533,0.917441,116.1296
2022-01-04,4.044654,0.886275,1,0.739115,9.0987,8.864798,0.9163,116.176
2022-01-03,4.049586,0.884799,1,0.741708,9.108565,8.871191,0.918416,115.33125
2022-01-02,4.036253,0.879282,1,0.739559,9.04629,8.796305,0.912074,115.145
2022-01-01,4.0353,0.879202,1,0.739016,9.05005,8.818035,0.911704,115.108
2021-12-31,4.0353,0.879202,1,0.739016,9.05005,8.818035,0.911704,115.108
2021-12-30,4.058019,0.883205,1,0.740878,9.049118,8.815015,0.913955,115.067
2021-12-29,4.048518,0.880297,1,0.740892,9.02706,8.778095,0.9138,114.951
2021-12-28,4.065454,0.883923,1,0.744435,9.050258,8.801044,0.917145,114.77066667
2021-12-27,4.062591,0.882663,1,0.743966,9.103931,8.84359,0.917404,114.7935
2021-12-26,4.08248,0.883123,1,0.746116,9.116844,8.855559,0.91892,114.3435
2021-12-25,4.080749,0.883197,1,0.746966,9.1285,8.858,0.920437,114.4065
2021-12-24,4.080749,0.883197,1,0.746966,9.1285,8.858,0.920437,114.4065
2021-12-23,4.090052,0.883146,1,0.745963,9.090388,8.83255,0.9189,114.464
2021-12-22,4.090918,0.882807,1,0.749064,9.081663,8.875566,0.919468,114.126
2021-12-21,4.096712,0.885951,1,0.753656,9.12955,8.942505,0.923072,113.995
2021-12-20,4.105368,0.886746,1,0.75709,9.146638,9.058375,0.92178,113.66591667
2021-12-19,4.120207,0.889446,1,0.755917,9.151217,9.051643,0.923364,113.52081614
2021-12-18,4.12116,0.88968,1,0.754916,9.1726,9.0444,0.924269,113.715
2021-12-17,4.12051,0.889668,1,0.755572,9.143928,9.042718,0.924448,113.7185
2021-12-16,4.086833,0.882317,1,0.750601,9.034891,8.99211,0.919024,113.66879164
2021-12-15,4.094013,0.885727,1,0.754034,9.080384,8.998738,0.924518,114.1439803
2021-12-14,4.113488,0.888289,1,0.755858,9.139603,9.0996,0.9242,113.74396823
2021-12-13,4.110537,0.886093,1,0.75685,9.0926,9.04959,0.92246,113.579
2021-12-12,4.08388,0.884106,1,0.754309,9.05807,8.945448,0.921306,113.5125
2021-12-11,4.081158,0.883626,1,0.753585,9.0507,8.9411,0.92075,113.395
2021-12-10,4.081354,0.883509,1,0.75348,9.050775,8.942995,0.920593,113.38498597
2021-12-09,4.078531,0.885452,1,0.756185,9.064992,8.997315,0.923753,113.4415
2021-12-08,4.064293,0.881504,1,0.757051,9.03487,8.8772,0.920242,113.68566667
2021-12-07,4.065607,0.887075,1,0.754968,9.098271,9.013197,0.924684,113.526
2021-12-06,4.07095,0.886225,1,0.753977,9.094297,9.098992,0.925548,113.4674375
2021-12-05,4.069761,0.884628,1,0.755541,9.148537,9.163945,0.918558,113.0425
2021-12-04,4.06388,0.883861,1,0.755715,9.15065,9.185,0.917548,112.805
2021-12-03,4.064797,0.883822,1,0.755572,9.141216,9.17885,0.917552,112.81200297
2021-12-02,4.068992,0.884487,1,0.751897,9.051308,9.096813,0.919788,113.022
2021-12-01,4.08555,0.883466,1,0.753195,9.0884,9.1009,0.920661,112.888
2021-11-30,4.1109,0.882611,1,0.752162,9.0273,9.05479,0.9197,113.30333333
2021-11-29,4.145703,0.885489,1,0.751069,9.062732,9.01557,0.9229,113.80642857
2021-11-28,4.168379,0.885541,1,0.749595,9.148279,9.0605,0.92439,113.7185
2021-11-27,4.163078,0.883392,1,0.749485,9.1582,9.074745,0.923206,113.3249795
2021-11-26,4.163078,0.883392,1,0.74971,9.1582,9.074745,0.923206,113.3249795
2021-11-25,4.176072,0.892122,1,0.751182,9.1151,8.98463,0.935328,115.07575
2021-11-24,4.178323,0.892598,1,0.750193,9.125087,8.961,0.934087,115.41133333
2021-11-23,4.183286,0.889166,1,0.747637,9.037985,8.9018,0.933414,115.14175
2021-11-22,4.188156,0.889561,1,0.746436,8.99311,8.9326,0.9325,114.796
2021-11-21,4.160204,0.88689,1,0.744427,8.95759,8.93336,0.929368,114.14316667
2021-11-20,4.1641,0.885967,1,0.743771,8.956827,8.922273,0.928501,113.99499646
2021-11-19,4.1641,0.885967,1,0.743771,8.956827,8.922273,0.92865,113.99499646
2021-11-18,4.108304,0.879674,1,0.740801,8.867617,8.812478,0.925814,114.28702064
2021-11-17,4.118306,0.883552,1,0.741322,8.862955,8.741825,0.928634,114.1914901
2021-11-16,4.112145,0.8834,1,0.74495,8.898611,8.749409,0.930386,114.904969
2021-11-15,4.089469,0.87974,1,0.745701,8.804033,8.718543,0.925334,114.13275
2021-11-14,4.056,0.874025,1,0.745368,8.76032,8.692391,0.921178,113.985
2021-11-13,4.053211,0.873832,1,0.745434,8.75644,8.693683,0.92115,113.9295
2021-11-12,4.054411,0.873832,1,0.745434,8.75644,8.693683,0.92115,113.90494805
2021-11-11,4.04885,0.873511,1,0.748234,8.71233,8.684608,0.92129,114.0475
2021-11-10,4.01265,0.870633,1,0.745596,8.702487,8.64833,0.918016,113.907
2021-11-09,3.961016,0.862478,1,0.737463,8.5777,8.5091,0.911,112.914
2021-11-08,3.96435,0.862973,1,0.737247,8.5763,8.5023,0.913428,113.255
2021-11-07,3.97625,0.864433,1,0.741206,8.567719,8.547229,0.91202,113.478
2021-11-06,3.97525,0.865688,1,0.740851,8.789025,8.57586,0.912209,113.415
2021-11-05,3.97525,0.865688,1,0.740576,8.789025,8.57586,0.912135,113.415
2021-11-04,3.983356,0.865398,1,0.7403,8.585375,8.551609,0.912657,113.83496452
2021-11-03,3.946179,0.860959,1,0.730242,8.529302,8.492335,0.911199,114.07083333
2021-11-02,3.978285,0.863553,1,0.734355,8.57395,8.525167,0.914921,113.9665
2021-11-01,3.98095,0.862101,1,0.732349,8.519365,8.422645,0.90939,114.093
2021-10-31,3.989036,0.865329,1,0.730834,8.598175,8.456018,0.916187,114.2395
2021-10-30,3.9872,0.86497,1,0.730727,8.591355,8.44257,0.915268,114.01501205
2021-10-29,3.9872,0.86497,1,0.730274,8.591355,8.44257,0.915268,114.01501205
2021-10-28,3.958485,0.855991,1,0.72465,8.511472,8.33263,0.911723,113.617
2021-10-27,3.984535,0.862176,1,0.728233,8.588859,8.423455,0.918187,113.7785
2021-10-26,3.974389,0.862329,1,0.726453,8.614043,8.36439,0.919787,114.185
2021-10-25,3.974762,0.861364,1,0.726544,8.6074,8.351957,0.92,113.768
2021-10-24,3.949382,0.859217,1,0.726691,8.584907,8.3572,0.916668,113.669
2021-10-23,3.952049,0.858959,1,0.726718,8.5731,8.3565,0.916061,113.588
2021-10-22,3.95365,0.858808,1,0.72685,8.5731,8.35157,0.916117,113.47498614
2021-10-21,3.962631,0.860209,1,0.725087,8.603835,8.3653,0.91818,113.845
2021-10-20,3.932305,0.8581,1,0.723484,8.589635,8.3169,0.919077,114.38933333
2021-10-19,3.941375,0.859734,1,0.724953,8.6282,8.351976,0.9232,114.548
2021-10-18,3.948824,0.861063,1,0.728027,8.661476,8.41796,0.923563,114.286
2021-10-17,3.934909,0.862327,1,0.726693,8.608776,8.432824,0.923593,114.3305
2021-10-16,3.93895,0.862091,1,0.727537,8.612445,8.42252,0.923401,114.3805
2021-10-15,3.93895,0.862091,1,0.727537,8.612445,8.42252,0.923401,114.3805
2021-10-14,3.946767,0.862783,1,0.731633,8.63753,8.455594,0.92442,113.834125
2021-10-13,3.944864,0.862307,1,0.731632,8.688107,8.489403,0.924145,113.30797738
2021-10-12,3.97681,0.867225,1,0.73645,8.788654,8.558065,0.930637,113.5385
2021-10-11,3.969546,0.86555,1,0.735816,8.772719,8.585098,0.927653,113.39
2021-10-10,3.980892,0.8647,1,0.73443,8.744589,8.555314,0.927895,112.27597457
2021-10-09,3.9764,0.864286,1,0.734565,8.7338,8.5393,0.92745,112.205
2021-10-08,3.975825,0.864379,1,0.734565,8.73485,8.537027,0.927686,112.2499715
2021-10-07,3.967464,0.865089,1,0.734214,8.782281,8.5748,0.928585,111.663
2021-10-06,3.93715,0.8655,1,0.735781,8.8043,8.57879,0.927827,111.41
2021-10-05,3.97105,0.862389,1,0.733872,8.742482,8.5309,0.928446,111.48800272
2021-10-04,3.954165,0.860696,1,0.73497,8.7286,8.575321,0.925,110.97075
2021-10-03,3.946032,0.861568,1,0.736913,8.738955,8.612574,0.929642,110.9495
2021-10-02,3.949706,0.862519,1,0.73828,8.7486,8.632,0.93038,111.0765
2021-10-01,3.949706,0.862519,1,0.738253,8.7486,8.632,0.93038,111.0765
2021-09-30,3.980355,0.863968,1,0.742391,8.76416,8.752822,0.932615,111.46625
2021-09-29,3.993501,0.861958,1,0.744713,8.800957,8.771,0.934319,111.9385
2021-09-28,3.967395,0.855714,1,0.738465,8.732057,8.660125,0.929176,111.53
2021-09-27,3.93245,0.854991,1,0.729877,8.707464,8.603011,0.925702,110.968
2021-09-26,3.93086,0.852915,1,0.731617,8.63821,8.567492,0.924625,110.769
2021-09-25,3.929485,0.853235,1,0.730727,8.6512,8.5776,0.923507,110.7455
2021-09-24,3.929485,0.853202,1,0.731188,8.6512,8.5776,0.924229,110.7455
2021-09-23,3.927604,0.851825,1,0.72881,8.631665,8.577145,0.92478,110.3295
2021-09-22,3.953346,0.855631,1,0.734414,8.697285,8.664925,0.926454,109.8235
2021-09-21,3.94325,0.853039,1,0.732161,8.6919,8.684,0.92355,109.155
2021-09-20,3.927784,0.852742,1,0.731952,8.672829,8.716072,0.927745,109.44214286
2021-09-19,3.9135,0.852577,1,0.728393,8.675637,8.703526,0.932102,109.97997
2021-09-18,3.9161,0.852813,1,0.727776,8.68425,8.7082,0.932283,109.929
2021-09-17,3.9161,0.852837,1,0.727776,8.68425,8.7082,0.932283,109.929
2021-09-16,3.886949,0.849726,1,0.724744,8.621266,8.634491,0.927319,109.70675
2021-09-15,3.862689,0.846059,1,0.722074,8.5818,8.56817,0.919631,109.3825
2021-09-14,3.8565,0.847135,1,0.724222,8.610112,8.647505,0.920155,109.71552969
2021-09-13,3.851848,0.846633,1,0.722648,8.6063,8.640583,0.922194,109.99716667
2021-09-12,3.847197,0.846597,1,0.722577,8.6356,8.66355,0.918188,109.905
2021-09-11,3.845887,0.846403,1,0.722805,8.634665,8.6754,0.917797,109.934992
2021-09-10,3.845887,0.84669,1,0.722857,8.634665,8.6754,0.917797,109.934992
2021-09-09,3.842592,0.845795,1,0.722627,8.611853,8.677766,0.916575,109.773
2021-09-08,3.822704,0.846099,1,0.72639,8.629315,8.7106,0.92189,110.223
